{
  "allSupportedFileTypes" : [ ".braw", ".ssa", ".xvid", ".mpeg", ".svq3", ".alac", ".ssf", ".bin", ".srt", ".ifo", ".mp3", ".ttxt", ".mp4", ".m4v", ".mpg", ".nrg", ".viv", ".mpa", ".ram", ".jpeg", ".mt2s", ".ts", ".mpl", ".png", ".flac", ".bdmv", ".mov", ".ty", ".aa3", ".strm", ".pva", ".ape", ".dv", ".aqt", ".aac", ".sub", ".aif", ".jss", ".wma", ".mid", ".fli", ".wmv", ".at3", ".mk3d", ".m2ts", ".disc", ".nsv", ".ac3", ".cvd", ".webp", ".sup", ".smi", ".webm", ".pgs", ".3gp", ".iso", ".vobsub", ".bmp", ".divx", ".mka", ".ass", ".dtshd", ".svcd", ".usf", ".oga", ".asx", ".h264", ".asf", ".flv", ".thd", ".dvr-ms", ".wave", ".vtt", ".atrac", ".aiff", ".adts", ".mts", ".ogm", ".nuv", ".ogg", ".mkv", ".dat", ".gif", ".bivx", ".img", ".tbn", ".a52", ".psb", ".dks", ".vob", ".qt", ".m2v", ".adt", ".mlp", ".vp3", ".ra", ".pjs", ".nfo", ".au", ".dts", ".tta", ".jpg", ".evo", ".rmvb", ".wav", ".rm", ".m4p", ".avi", ".rt", ".midi", ".avc", ".m4a", ".pcm", ".m4b" ],
  "ardDarkLevelMaxPct" : 13.0,
  "ardDarkLevelPct" : 7.0,
  "ardEnabled" : false,
  "ardIgnoreBeginningPct" : 2.0,
  "ardIgnoreEndPct" : 8.0,
  "ardMFMode" : 0,
  "ardMFThresholdPct" : 6.0,
  "ardMode" : "DEFAULT",
  "ardPlausiHeightDeltaPct" : 2.0,
  "ardPlausiHeightPct" : 60.0,
  "ardPlausiWidthDeltaPct" : 1.5,
  "ardPlausiWidthPct" : 50.0,
  "ardRoundUp" : false,
  "ardRoundUpThresholdPct" : 4.0,
  "ardSampleSettings" : {
    "FAST" : {
      "duration" : 1,
      "maxGap" : 1800,
      "minNumber" : 4
    },
    "DEFAULT" : {
      "duration" : 2,
      "maxGap" : 900,
      "minNumber" : 6
    },
    "ACCURATE" : {
      "duration" : 2,
      "maxGap" : 900,
      "minNumber" : 30
    }
  },
  "ardSecondaryDelta" : 0.15,
  "audioFileType" : [ ".a52", ".aa3", ".aac", ".ac3", ".adt", ".adts", ".aif", ".aiff", ".alac", ".ape", ".at3", ".atrac", ".au", ".dts", ".dtshd", ".flac", ".m4a", ".m4b", ".m4p", ".mid", ".midi", ".mka", ".mlp", ".mp3", ".mpa", ".oga", ".ogg", ".pcm", ".ra", ".ram", ".thd", ".tta", ".wav", ".wave", ".wma" ],
  "automaticUpdateInterval" : 1,
  "cleanupFileType" : [ ".html$", ".sfv$", ".txt$", ".url$" ],
  "configFilename" : "tmm.json",
  "currentVersion" : true,
  "customAspectRatios" : [ "1.33", "1.37", "1.43", "1.56", "1.66", "1.78", "1.85", "1.9", "2.0", "2.2", "2.35", "2.4", "2.55", "2.76" ],
  "dateField" : "DATE_ADDED",
  "deleteTrashOnExit" : false,
  "enableAutomaticUpdate" : false,
  "enableHttpServer" : false,
  "enableTrash" : true,
  "externalYtDlpPath" : "",
  "ffmpegPercentage" : 50,
  "fileSizeBase10" : true,
  "fileSizeDisplayHumanReadable" : true,
  "fontFamily" : "Dialog",
  "fontSize" : 12,
  "httpApiKey" : "49c0ba46-416f-4708-bb24-9b1892f416f8",
  "httpServerPort" : 7878,
  "ignoreSSLProblems" : true,
  "imageCache" : true,
  "imageCacheSize" : "BIG",
  "imageCacheType" : "QUALITY",
  "imageChooserUseEntityFolder" : false,
  "kodiHost" : "",
  "kodiHttpPort" : 8080,
  "kodiPassword" : "eKPacIjNyxefvLp/xN15dw==",
  "kodiTcpPort" : 9090,
  "kodiUsername" : "",
  "language" : "zh__#Hans",
  "maximumDownloadThreads" : 2,
  "mdbListApiKey" : "",
  "mediaFramework" : "",
  "mediaPlayer" : "",
  "proxyHost" : null,
  "proxyPassword" : null,
  "proxyPort" : null,
  "proxyUsername" : null,
  "showMemory" : true,
  "storeWindowPreferences" : true,
  "subtitleFileType" : [ ".aqt", ".ass", ".cvd", ".dks", ".jss", ".mpl", ".pgs", ".pjs", ".psb", ".rt", ".smi", ".srt", ".ssa", ".ssf", ".sub", ".sup", ".svcd", ".ttxt", ".usf", ".vobsub", ".vtt" ],
  "theme" : "Light",
  "titlePrefix" : [ "A", "An", "D'", "D`", "Das", "Der", "Des", "Die", "Du", "D´", "Ein", "Eine", "L'", "L`", "La", "Le", "Les", "L´", "The", "Un", "Une" ],
  "traktAccessToken" : "eKPacIjNyxefvLp/xN15dw==",
  "traktDateField" : "DATE_ADDED",
  "traktRefreshToken" : "eKPacIjNyxefvLp/xN15dw==",
  "upnpRemotePlay" : false,
  "upnpShareLibrary" : false,
  "useInternalMediaFramework" : true,
  "useInternalYtDlp" : true,
  "version" : "5.1.7",
  "videoFileType" : [ ".3gp", ".asf", ".asx", ".avc", ".avi", ".bdmv", ".bin", ".bivx", ".braw", ".dat", ".disc", ".divx", ".dv", ".dvr-ms", ".evo", ".fli", ".flv", ".h264", ".ifo", ".img", ".iso", ".m2ts", ".m2v", ".m4v", ".mk3d", ".mkv", ".mov", ".mp4", ".mpeg", ".mpg", ".mt2s", ".mts", ".nrg", ".nsv", ".nuv", ".ogm", ".pva", ".qt", ".rm", ".rmvb", ".strm", ".svq3", ".ts", ".ty", ".viv", ".vob", ".vp3", ".webm", ".wmv", ".xvid" ],
  "wolDevices" : [ ],
  "writeMediaInfoXml" : false
}