{
  "artworkScrapers" : [ "tmdb", "tvdb", "fanarttv" ],
  "asciiReplacement" : false,
  "automaticTrailerDownload" : false,
  "badWord" : [ ],
  "bannerFilenames" : [ "BANNER" ],
  "buildImageCacheOnImport" : true,
  "capitalWordsInTitles" : false,
  "certificationCountry" : "US",
  "certificationStyle" : "SHORT",
  "characterartFilenames" : [ "CHARACTERART" ],
  "clearartFilenames" : [ "CLEARART" ],
  "clearlogoFilenames" : [ "CLEARLOGO" ],
  "configFilename" : "tvShows.json",
  "createMissingSeasonItems" : false,
  "defaultImageScraperLanguage" : "zh_CN",
  "discartFilenames" : [ "DISCART" ],
  "displayMissingEpisodes" : false,
  "displayMissingNotAired" : false,
  "displayMissingSpecials" : false,
  "doNotOverwriteExistingData" : false,
  "episodeCheckArtwork" : [ "THUMB" ],
  "episodeCheckMetadata" : [ "SEASON_EPISODE", "TITLE", "ACTORS" ],
  "episodeDisplayAllMissingArtwork" : false,
  "episodeDisplayAllMissingMetadata" : false,
  "episodeNfoFilenames" : [ "FILENAME" ],
  "episodeScraperMetadataConfig" : [ "TITLE", "ORIGINAL_TITLE", "PLOT", "SEASON_EPISODE", "AIRED", "RATING", "TAGS", "RUNTIME", "ACTORS", "DIRECTORS", "WRITERS", "PRODUCERS", "THUMB", "TITLE", "ORIGINAL_TITLE", "PLOT", "SEASON_EPISODE", "AIRED", "RATING", "TAGS", "RUNTIME", "ACTORS", "DIRECTORS", "WRITERS", "PRODUCERS", "THUMB" ],
  "episodeSpecialsCheckMissingArtwork" : false,
  "episodeSpecialsCheckMissingMetadata" : false,
  "episodeThumbFilenames" : [ "FILENAME_THUMB" ],
  "extraFanartFilenames" : [ ],
  "extractArtworkFromVsmeta" : false,
  "fanartFilenames" : [ "FANART" ],
  "fetchAllRatings" : false,
  "imageEpisodeScrapeAllSources" : false,
  "imageExtraFanart" : false,
  "imageExtraFanartCount" : 5,
  "imageFanartSize" : "LARGE",
  "imagePosterSize" : "LARGE",
  "imageScraperFallback" : true,
  "imageScraperLanguages" : [ "zh_CN" ],
  "imageScraperOtherResolutions" : true,
  "imageScraperPreferFanartWoText" : true,
  "imageThumbSize" : "MEDIUM",
  "keyartFilenames" : [ "KEYART" ],
  "nfoDateAddedField" : "DATE_ADDED",
  "nfoFilenames" : [ "TV_SHOW" ],
  "nfoLanguage" : "zh__#Hans",
  "nfoWriteAllActors" : false,
  "nfoWriteDateAdded" : true,
  "nfoWriteDateEnded" : false,
  "nfoWriteEpisodeguide" : true,
  "nfoWriteFileinfo" : true,
  "nfoWriteLockdata" : false,
  "nfoWriteNewEpisodeguideStyle" : true,
  "nfoWriteSingleStudio" : false,
  "nfoWriteTrailer" : true,
  "node" : true,
  "note" : false,
  "originalTitle" : true,
  "postProcessEpisode" : [ ],
  "postProcessTvShow" : [ ],
  "posterFilenames" : [ "POSTER" ],
  "ratingSources" : [ "imdb" ],
  "releaseDateCountry" : "CN",
  "renameAfterScrape" : true,
  "renamerCleanupUnwanted" : false,
  "renamerColonReplacement" : "",
  "renamerFilename" : "${showTitle} - S${seasonNr2}E${episodeNr2} - ${title}",
  "renamerFilenameSpaceReplacement" : "_",
  "renamerFilenameSpaceSubstitution" : false,
  "renamerFirstCharacterNumberReplacement" : "#",
  "renamerSeasonFoldername" : "Season ${seasonNr}",
  "renamerSeasonPathnameSpaceReplacement" : "_",
  "renamerSeasonPathnameSpaceSubstitution" : false,
  "renamerShowPathnameSpaceReplacement" : "_",
  "renamerShowPathnameSpaceSubstitution" : false,
  "renamerTvShowFoldername" : "${showTitle} (${showYear})",
  "resetNewFlagOnUds" : true,
  "runtimeFromMediaInfo" : true,
  "scrapeBestImage" : true,
  "scraper" : "tvdb",
  "scraperLanguage" : "zh",
  "seasonArtworkFallback" : false,
  "seasonBannerFilenames" : [ "SEASON_BANNER" ],
  "seasonCheckArtwork" : [ "SEASON_POSTER", "SEASON_BANNER", "SEASON_THUMB" ],
  "seasonDisplayAllMissingArtwork" : false,
  "seasonFanartFilenames" : [ "SEASON_FANART" ],
  "seasonNfoFilenames" : [ ],
  "seasonPosterFilenames" : [ "SEASON_POSTER" ],
  "seasonThumbFilenames" : [ "SEASON_THUMB" ],
  "showEpisodeArtworkTypes" : [ "THUMB" ],
  "showSeasonArtworkTypes" : [ "SEASON_POSTER", "SEASON_THUMB", "SEASON_BANNER" ],
  "showTvShowArtworkTypes" : [ "POSTER", "FANART", "BANNER" ],
  "showTvShowTableTooltips" : true,
  "skipFolder" : [ "MAKEMKV" ],
  "skipFoldersWithNomedia" : true,
  "specialSeason" : true,
  "storeUiFilters" : false,
  "subtitleForceBestMatch" : false,
  "subtitleLanguageStyle" : "ISO3T",
  "subtitleScraperLanguage" : "en",
  "subtitleScrapers" : [ "opensubtitles2" ],
  "syncTrakt" : false,
  "syncTraktCollection" : true,
  "syncTraktRating" : true,
  "syncTraktWatched" : true,
  "thumbFilenames" : [ "THUMB" ],
  "title" : true,
  "trailerFilenames" : [ "TVSHOW_TRAILER" ],
  "trailerQuality" : "HD_2160",
  "trailerScrapers" : [ "tmdb", "imdb", "tvdb" ],
  "tvShowCheckArtwork" : [ "POSTER", "FANART", "BANNER" ],
  "tvShowCheckMetadata" : [ "ID", "TITLE", "PLOT", "YEAR", "STATUS", "GENRES", "ACTORS" ],
  "tvShowConnector" : "EMBY",
  "tvShowDataSource" : [ "/media/Animes", "/media/TV Shows" ],
  "tvShowDisplayAllMissingArtwork" : false,
  "tvShowDisplayAllMissingMetadata" : false,
  "tvShowScraperMetadataConfig" : [ "ID", "TITLE", "ORIGINAL_TITLE", "PLOT", "YEAR", "AIRED", "STATUS", "RATING", "TOP250", "RUNTIME", "CERTIFICATION", "GENRES", "COUNTRY", "STUDIO", "TAGS", "TRAILER", "SEASON_NAMES", "SEASON_OVERVIEW", "ACTORS", "POSTER", "FANART", "BANNER", "CLEARART", "THUMB", "LOGO", "CLEARLOGO", "DISCART", "KEYART", "CHARACTERART", "EXTRAFANART", "SEASON_POSTER", "SEASON_FANART", "SEASON_BANNER", "SEASON_THUMB", "THEME", "ID", "TITLE", "ORIGINAL_TITLE", "PLOT", "YEAR", "AIRED", "STATUS", "RATING", "TOP250", "RUNTIME", "CERTIFICATION", "GENRES", "COUNTRY", "STUDIO", "TAGS", "TRAILER", "SEASON_NAMES", "SEASON_OVERVIEW", "ACTORS", "POSTER", "FANART", "BANNER", "CLEARART", "THUMB", "LOGO", "CLEARLOGO", "DISCART", "KEYART", "CHARACTERART", "EXTRAFANART", "SEASON_POSTER", "SEASON_FANART", "SEASON_BANNER", "SEASON_THUMB", "THEME" ],
  "uiFilterPresets" : { },
  "uiFilters" : [ ],
  "universalFilterFields" : [ "NOTE", "FILENAME", "PRODUCTION_COMPANY", "COUNTRY", "SPOKEN_LANGUAGE", "ACTOR", "PRODUCER", "WRITER", "DIRECTOR", "TAGS", "PLOT", "TAGLINE", "NOTE", "FILENAME", "PRODUCTION_COMPANY", "COUNTRY", "SPOKEN_LANGUAGE", "ACTOR", "PRODUCER", "WRITER", "DIRECTOR", "TAGS", "PLOT", "TAGLINE" ],
  "updateOnStart" : false,
  "useMediainfoMetadata" : false,
  "useTrailerPreference" : true,
  "useYtDlp" : false,
  "writeActorImages" : false,
  "writeCleanNfo" : false
}